{
 "name"         : "Pandorasbox 1080P - 720P",
 "repository"   : "repository.Anonymous",
 "plugin"       : "plugin.video.pandorasbox1",
 "priority"     : 200,
 "id"           : "direct.Anonymous.o",
 "filters"      : {},
 "postprocess"  : "",
 "movies"       : [
  [
   {
    "link"      : "plugin://plugin.video.pandorasbox/?description=%20&amp;extra&amp;fanart=http%3a%2f%2fi57.tinypic.com%2f14w398x.png&amp;iconimage=https%3a%2f%2fwww.iconexperience.com%2f_img%2fv_collection_png%2f512x512%2fshadow%2fsort_az_descending.png&amp;mode=400&amp;name=%5bCOLOR%20slateblue%5dA-Z%5b%2fCOLOR%5d&amp;url=http%3a%2f%2fgenietvcunts.co.uk%2fPansBox%2fORIGINS%2fMovies%2fA-Z.movies.php",
    "steps"     : [
	     "@anycontaining:A|B|C|D|E|F|G|H|I|J|K|L|M|N|O|P|Q|R|S|T|X|Y|Z|U|V|W|#",
		 ".*{title}.*"
     ],
    "action"    : "PLAY"
   }
   ]
  ],
 "tvshows"      : [
  [
   {
    "language": "en",
    "link"      : "plugin://plugin.video.pandorasbox/?description=%20&amp;extra&amp;fanart=https%3a%2f%2fi.ytimg.com%2fvi%2f1mFdMZjUQAU%2fmaxresdefault.jpg&amp;iconimage=https%3a%2f%2fwww.iconexperience.com%2f_img%2fv_collection_png%2f512x512%2fshadow%2fsort_az_descending.png&amp;mode=400&amp;name=%5bCOLOR%20darkgoldenrod%5dA-Z%5b%2fCOLOR%5d&amp;url=http%3a%2f%2fgenietvcunts.co.uk%2fPansBox%2fORIGINS%2fTV%2fIndex%2fA-Z%2fA-Z.php",
    "steps"     : ["@anycontaining:A|B|C|D|E|F|G|H|I|J|K|L|M|N|O|P|Q|R|S|T|X|Y|Z|U|V|W|#",
     "@keyboard: {clearname}",
	 "{clearname}",
	 ".*{season}*",
	 ".*.* {episode} .*"
     ],
    "action"    : "PLAY"
   }
  ]
 ],
 "musicvideos"  : [],
 "music"        : [],
 "live"         : []
}